{"accuracy_score": 0.7959183673469388, "precision_score": 0.18181818181818182, "recall_score": 0.03773584905660377, "f1_score": 0.0625, "roc_auc_score_True": 0.5603225553902763, "roc_auc_score_False": 0.4397165896813592, "pr_auc_score_True": 0.20822388369328462, "pr_auc_score_False": 0.222427411453606}